{
	"AlgoMap255BrLevel": {
		"sectionone": [0.006667,1.993],
		"sectiontwo": [0.05034,-194.6],
		"sectionthree": [0.01180173092,69.18174666],
		"sectionkeypoint": [4501,6848]
	},
	"LcmMapAlgoBrLevel": [
		[1,1],
		[2,76],
		[3,226],
		[4,376],
		[5,526],
		[6,676],
		[7,826],
		[8,976],
		[9,1125],
		[10,1275],
		[11,1425],
		[12,1575],
		[13,1725],
		[14,1875],
		[15,2025],
		[16,2175],
		[17,2325],
		[18,2475],
		[19,2625],
		[20,2775],
		[21,2925],
		[22,3075],
		[23,3225],
		[24,3375],
		[25,3525],
		[26,3675],
		[27,3825],
		[28,3975],
		[29,4125],
		[30,4275],
		[31,4425],
		[32,4511],
		[33,4531],
		[34,4551],
		[35,4570],
		[36,4590],
		[37,4610],
		[38,4630],
		[39,4650],
		[40,4670],
		[41,4690],
		[42,4710],
		[43,4729],
		[44,4749],
		[45,4769],
		[46,4789],
		[47,4809],
		[48,4829],
		[49,4849],
		[50,4868],
		[51,4888],
		[52,4908],
		[53,4928],
		[54,4948],
		[55,4968],
		[56,4988],
		[57,5008],
		[58,5027],
		[59,5047],
		[60,5067],
		[61,5087],
		[62,5107],
		[63,5127],
		[64,5147],
		[65,5166],
		[66,5186],
		[67,5206],
		[68,5226],
		[69,5246],
		[70,5266],
		[71,5286],
		[72,5305],
		[73,5325],
		[74,5345],
		[75,5365],
		[76,5385],
		[77,5405],
		[78,5425],
		[79,5445],
		[80,5464],
		[81,5484],
		[82,5504],
		[83,5524],
		[84,5544],
		[85,5564],
		[86,5584],
		[87,5603],
		[88,5623],
		[89,5643],
		[90,5663],
		[91,5683],
		[92,5703],
		[93,5723],
		[94,5743],
		[95,5762],
		[96,5782],
		[97,5802],
		[98,5822],
		[99,5842],
		[100,5862],
		[101,5882],
		[102,5901],
		[103,5921],
		[104,5941],
		[105,5961],
		[106,5981],
		[107,6001],
		[108,6021],
		[109,6040],
		[110,6060],
		[111,6080],
		[112,6100],
		[113,6120],
		[114,6140],
		[115,6160],
		[116,6180],
		[117,6199],
		[118,6219],
		[119,6239],
		[120,6259],
		[121,6279],
		[122,6299],
		[123,6319],
		[124,6338],
		[125,6358],
		[126,6378],
		[127,6398],
		[128,6418],
		[129,6438],
		[130,6458],
		[131,6478],
		[132,6497],
		[133,6517],
		[134,6537],
		[135,6557],
		[136,6577],
		[137,6597],
		[138,6617],
		[139,6636],
		[140,6656],
		[141,6676],
		[142,6696],
		[143,6716],
		[144,6736],
		[145,6756],
		[146,6775],
		[147,6795],
		[148,6815],
		[149,6835],
		[150,6889],
		[151,6975],
		[152,7060],
		[153,7144],
		[154,7229],
		[155,7314],
		[156,7399],
		[157,7483],
		[158,7568],
		[159,7653],
		[160,7738],
		[161,7822],
		[162,7907],
		[163,7992],
		[164,8077],
		[165,8161],
		[166,8246],
		[167,8331],
		[168,8415],
		[169,8500],
		[170,8585],
		[171,8670],
		[172,8754],
		[173,8839],
		[174,8924],
		[175,9009],
		[176,9093],
		[177,9178],
		[178,9263],
		[179,9348],
		[180,9432],
		[181,9517],
		[182,9602],
		[183,9686],
		[184,9771],
		[185,9856],
		[186,9941],
		[187,10025],
		[188,10110],
		[189,10195],
		[190,10280],
		[191,10364],
		[192,10449],
		[193,10534],
		[194,10618],
		[195,10703],
		[196,10788],
		[197,10873],
		[198,10957],
		[199,11042],
		[200,11127],
		[201,11212],
		[202,11296],
		[203,11381],
		[204,11466],
		[205,11551],
		[206,11635],
		[207,11720],
		[208,11805],
		[209,11889],
		[210,11974],
		[211,12059],
		[212,12144],
		[213,12228],
		[214,12313],
		[215,12398],
		[216,12483],
		[217,12567],
		[218,12652],
		[219,12737],
		[220,12822],
		[221,12906],
		[222,12991],
		[223,13076],
		[224,13160],
		[225,13245],
		[226,13330],
		[227,13415],
		[228,13499],
		[229,13584],
		[230,13669],
		[231,13754],
		[232,13838],
		[233,13923],
		[234,14008],
		[235,14093],
		[236,14177],
		[237,14262],
		[238,14347],
		[239,14431],
		[240,14516],
		[241,14601],
		[242,14686],
		[243,14770],
		[244,14855],
		[245,14940],
		[246,15025],
		[247,15109],
		[248,15194],
		[249,15279],
		[250,15364],
		[251,15448],
		[252,15533],
		[253,15618],
		[254,15702],
		[255,15745]
	]
}
