{
	"AlgoMap255BrLevel": {
		"sectionone": [0.006667,1.993],
		"sectiontwo": [0.05034,-194.6],
		"sectionthree": [0.01236312257,65.33733663],
		"sectionkeypoint": [4501,6848]
	},
	"LcmMapAlgoBrLevel": [
		[1,1],
		[2,76],
		[3,226],
		[4,376],
		[5,526],
		[6,676],
		[7,826],
		[8,976],
		[9,1125],
		[10,1275],
		[11,1425],
		[12,1575],
		[13,1725],
		[14,1875],
		[15,2025],
		[16,2175],
		[17,2325],
		[18,2475],
		[19,2625],
		[20,2775],
		[21,2925],
		[22,3075],
		[23,3225],
		[24,3375],
		[25,3525],
		[26,3675],
		[27,3825],
		[28,3975],
		[29,4125],
		[30,4275],
		[31,4425],
		[32,4511],
		[33,4531],
		[34,4551],
		[35,4570],
		[36,4590],
		[37,4610],
		[38,4630],
		[39,4650],
		[40,4670],
		[41,4690],
		[42,4710],
		[43,4729],
		[44,4749],
		[45,4769],
		[46,4789],
		[47,4809],
		[48,4829],
		[49,4849],
		[50,4868],
		[51,4888],
		[52,4908],
		[53,4928],
		[54,4948],
		[55,4968],
		[56,4988],
		[57,5008],
		[58,5027],
		[59,5047],
		[60,5067],
		[61,5087],
		[62,5107],
		[63,5127],
		[64,5147],
		[65,5166],
		[66,5186],
		[67,5206],
		[68,5226],
		[69,5246],
		[70,5266],
		[71,5286],
		[72,5305],
		[73,5325],
		[74,5345],
		[75,5365],
		[76,5385],
		[77,5405],
		[78,5425],
		[79,5445],
		[80,5464],
		[81,5484],
		[82,5504],
		[83,5524],
		[84,5544],
		[85,5564],
		[86,5584],
		[87,5603],
		[88,5623],
		[89,5643],
		[90,5663],
		[91,5683],
		[92,5703],
		[93,5723],
		[94,5743],
		[95,5762],
		[96,5782],
		[97,5802],
		[98,5822],
		[99,5842],
		[100,5862],
		[101,5882],
		[102,5901],
		[103,5921],
		[104,5941],
		[105,5961],
		[106,5981],
		[107,6001],
		[108,6021],
		[109,6040],
		[110,6060],
		[111,6080],
		[112,6100],
		[113,6120],
		[114,6140],
		[115,6160],
		[116,6180],
		[117,6199],
		[118,6219],
		[119,6239],
		[120,6259],
		[121,6279],
		[122,6299],
		[123,6319],
		[124,6338],
		[125,6358],
		[126,6378],
		[127,6398],
		[128,6418],
		[129,6438],
		[130,6458],
		[131,6478],
		[132,6497],
		[133,6517],
		[134,6537],
		[135,6557],
		[136,6577],
		[137,6597],
		[138,6617],
		[139,6636],
		[140,6656],
		[141,6676],
		[142,6696],
		[143,6716],
		[144,6736],
		[145,6756],
		[146,6775],
		[147,6795],
		[148,6815],
		[149,6835],
		[150,6887],
		[151,6969],
		[152,7050],
		[153,7131],
		[154,7212],
		[155,7293],
		[156,7374],
		[157,7455],
		[158,7535],
		[159,7616],
		[160,7697],
		[161,7778],
		[162,7859],
		[163,7940],
		[164,8021],
		[165,8102],
		[166,8183],
		[167,8263],
		[168,8344],
		[169,8425],
		[170,8506],
		[171,8587],
		[172,8668],
		[173,8749],
		[174,8830],
		[175,8911],
		[176,8991],
		[177,9072],
		[178,9153],
		[179,9234],
		[180,9315],
		[181,9396],
		[182,9477],
		[183,9558],
		[184,9639],
		[185,9719],
		[186,9800],
		[187,9881],
		[188,9962],
		[189,10043],
		[190,10124],
		[191,10205],
		[192,10286],
		[193,10366],
		[194,10447],
		[195,10528],
		[196,10609],
		[197,10690],
		[198,10771],
		[199,10852],
		[200,10933],
		[201,11014],
		[202,11094],
		[203,11175],
		[204,11256],
		[205,11337],
		[206,11418],
		[207,11499],
		[208,11580],
		[209,11661],
		[210,11742],
		[211,11822],
		[212,11903],
		[213,11984],
		[214,12065],
		[215,12146],
		[216,12227],
		[217,12308],
		[218,12389],
		[219,12470],
		[220,12550],
		[221,12631],
		[222,12712],
		[223,12793],
		[224,12874],
		[225,12955],
		[226,13036],
		[227,13117],
		[228,13197],
		[229,13278],
		[230,13359],
		[231,13440],
		[232,13521],
		[233,13602],
		[234,13683],
		[235,13764],
		[236,13845],
		[237,13925],
		[238,14006],
		[239,14087],
		[240,14168],
		[241,14249],
		[242,14330],
		[243,14411],
		[244,14492],
		[245,14573],
		[246,14653],
		[247,14734],
		[248,14815],
		[249,14896],
		[250,14977],
		[251,15058],
		[252,15139],
		[253,15220],
		[254,15300],
		[255,15341]
	]
}
