{
	"ramperbrightness": {
		"sectiondown": [
			[-2.144234801,4665.472637],
			[-3.172526523,6279.89064],
			[-4.53096,7721.18856],
			[-6.516232258,9430.507974],
			[-8.9264,11132.0864],
			[-12.21824,13159.85984],
			[-19.136,16694.8352],
			[-29.37763098,21283.08588],
			[-29.39604457,21291.15103],
			[-32.45436364,22597.05327],
			[-31.428,22192.666],
			[-43.91672727,27038.29218],
			[-37.05171429,24450.18229],
			[-55.18741176,30906.49059],
			[-69.246,35433.356],
			[-74.41875,36959.31725],
			[-86.20892308,40248.77554],
			[-174.0532,63615.3532],
			[-80,40008],
			[-93.07142857,43210.5],
			[-124.6666667,50066.66667],
			[-128.7380952,50852.45238],
			[-144.4545455,53225.63636],
			[-139.125,52479.5],
			[-199.3,60422.6],
			[-249.6,66559.2],
			[-79.66666667,47526.66667],
			[-103.3846154,49542.69231],
			[-104,49587],
			[-35.625,45005.875],
			[-123.8823529,50213.05882],
			[-66.22222222,47791.33333],
			[-154.8888889,50717.33333],
			[-13.86666667,47332.8]
		],
		"section_downpoint": [1570,1061,861,706,616,511,448,438,427,394,388,377,356,322,295,279,266,251,245,217,193,151,140,132,122,112,85,72,67,59,42,33,24,9],
		"section_down_min_step": [28,19,14,10,7,5,4,3,3,5,5,4,5,3,3,3,2,1,2,2,2,2,2,2,1,1,2,2,2,5,2,3,1,11],
		"sectiondowngapminone": 20,
		"sectiondowngapmintwo": 80,
		"sectiondownkeybr": 438,
		"downlcmFlickValue": 2,
		"uptotaltime": 2800,
		"uplimmitcount": 25,
		"section_uppoint": [440,1282],
		"quickupstep": [39,74,75],
		"quickupgap": [20,0,0],
		"quickdownstep": [5,8,12,63],
		"quickdowngap": [40,40,30,20],
		"quick_sectionpoint": [986,557,351,22],
		"pemtotaltime": 10000
	}
}
