{
	"ramperbrightness": {
		"sectiondown": [
			[-2.140573674,4591.22631],
			[-3.090170678,6051.706503],
			[-4.671780822,7761.427068],
			[-6.29043038,9156.702987],
			[-8.732347826,10875.81287],
			[-11.11083495,12331.44699],
			[-18.06057931,15868.86687],
			[-38.81595574,25229.54164],
			[-34.0733614,23152.28532],
			[-36.578,24221.766],
			[-31.428,22192.666],
			[-43.91672727,27038.29218],
			[-37.05171429,24450.18229],
			[-53.68652941,30372.17647],
			[-71.136,35990.906],
			[-76.3668,37533.992],
			[-72.9,36563.288],
			[-175.7408,63918.9408],
			[-83,40641],
			[-93.14285714,43126],
			[-117,48303],
			[-131.2619048,51069.80952],
			[-161.6923077,55695.23077],
			[-149.1666667,53954.16667],
			[-181.1818182,58212.18182],
			[-249.6,66559.2],
			[-96.25925926,49385.03704],
			[-72.72727273,47384.81818],
			[-56.42857143,46178.71429],
			[-112.4444444,49931.77778],
			[-99.47368421,49179.47368],
			[-38.25,46791.75],
			[-110,49016],
			[-31.375,47364.875]
		],
		"section_downpoint": [1538,1081,862,704,612,509,451,438,427,394,388,377,356,322,295,280,266,251,245,217,194,152,139,133,122,112,85,74,67,58,39,31,21,5],
		"section_down_min_step": [29,20,13,10,7,6,4,2,2,5,5,4,5,3,3,2,3,1,2,2,2,2,1,2,1,1,2,3,3,2,2,4,2,5],
		"sectiondowngapminone": 20,
		"sectiondowngapmintwo": 80,
		"sectiondownkeybr": 438,
		"downlcmFlickValue": 2,
		"uptotaltime": 2800,
		"uplimmitcount": 25,
		"section_uppoint": [435,1265],
		"quickupstep": [40,71,76],
		"quickupgap": [20,0,0],
		"quickdownstep": [5,8,12,63],
		"quickdowngap": [40,40,30,20],
		"quick_sectionpoint": [959,540,350,15],
		"pemtotaltime": 10000
	}
}
